sequence,PSM_ID,accession,unique,database,database_version,search_engine,search_engine_score[1],modifications,retention_time,charge,exp_mass_to_charge,calc_mass_to_charge,spectra_ref,pre,post,start,end,opt_global_cv_MS:1002217_decoy_peptide,mass_error_ppm,peptide_length
AASEEYNWDLNYGEIAK,1840,P00350,null,UniProtKB/Swissprot,Swiss Prot K12 database,null,null,null,,2,986.949248794375,986.9503274999998,ms_run[1]:spectrum=1840,null,null,342,358,0,-1.093,17
EAYELVAPILTK,2214,P00350,null,UniProtKB/Swissprot,Swiss Prot K12 database,null,null,null,,2,673.8815608060937,673.8824675,ms_run[1]:spectrum=2214,null,null,147,158,0,-1.3455,12
ILEIEGLPDLK,2342,P36683,null,UniProtKB/Swissprot,Swiss Prot K12 database,null,null,null,,2,620.3628840482812,620.3639075,ms_run[1]:spectrum=2342,null,null,578,588,0,-1.6498,11
ITTVQAAIDYINGHQA,2148,P0A6A8,null,UniProtKB/Swissprot,Swiss Prot K12 database,null,null,null,,2,857.9407649076562,857.9421124999999,ms_run[1]:spectrum=2148,null,null,63,78,0,-1.5707,16
AWHSSSETIAK,322,P0AE08,null,UniProtKB/Swissprot,Swiss Prot K12 database,null,null,null,,3,406.2034905800001,406.20395333333335,ms_run[1]:spectrum=322,null,null,81,91,0,-1.1392,11
AAQYVASHPGEVCPAK,588,P0AE08,null,UniProtKB/Swissprot,Swiss Prot K12 database,null,null,null,,2,843.4015803373437,814.3990225,ms_run[1]:spectrum=588,null,null,154,169,0,,16
NGEFIEITEK,1322,P0AE08,null,UniProtKB/Swissprot,Swiss Prot K12 database,null,null,null,,2,590.297881606875,590.2987725,ms_run[1]:spectrum=1322,null,null,18,27,0,-1.5092,10
YAMIGDPTGALTR,1612,P0AE08,null,UniProtKB/Swissprot,Swiss Prot K12 database,null,null,null,,2,683.3448176420312,683.3457325,ms_run[1]:spectrum=1612,null,null,94,106,0,-1.3388,13
EGEATLAPSLDLVGK,1994,P0AE08,null,UniProtKB/Swissprot,Swiss Prot K12 database,null,null,null,,2,750.4007868803125,750.4017474999999,ms_run[1]:spectrum=1994,null,null,172,186,0,-1.2801,15
ATFVVDPQGIIQAIEVTAEGIGR,3546,P0AE08,null,UniProtKB/Swissprot,Swiss Prot K12 database,null,null,null,,3,795.4319451698437,795.4327133333331,ms_run[1]:spectrum=3546,null,null,121,143,0,-0.9657,23
ATFVVDPQGIIQAIEVTAEGIGR,3547,P0AE08,null,UniProtKB/Swissprot,Swiss Prot K12 database,null,null,null,,2,1192.6478571928126,1192.6451574999996,ms_run[1]:spectrum=3547,null,null,121,143,0,2.2636,23
YHIKPENVVAHADIAPQR,971,P75820,null,UniProtKB/Swissprot,Swiss Prot K12 database,null,null,null,,4,515.2774498517188,515.27797875,ms_run[1]:spectrum=971,null,null,156,173,0,-1.0264,18
VNFYLAGR,1324,P75820,null,UniProtKB/Swissprot,Swiss Prot K12 database,null,null,null,,2,470.25640821820315,470.2565175000001,ms_run[1]:spectrum=1324,null,null,200,207,0,-0.2324,8
LNDTSIGIELENR,1514,P75820,null,UniProtKB/Swissprot,Swiss Prot K12 database,null,null,null,,2,737.3803401029687,737.3813575000001,ms_run[1]:spectrum=1514,null,null,111,123,0,-1.3797,13
DDPGPLFPWQQLAQQGIGAWPDAQR,3209,P75820,null,UniProtKB/Swissprot,Swiss Prot K12 database,null,null,null,,3,931.123656595625,931.1249433333332,ms_run[1]:spectrum=3209,null,null,175,199,0,-1.3819,25
YFAPFEPAQIQALIPLAK,3299,P75820,null,UniProtKB/Swissprot,Swiss Prot K12 database,null,null,null,,2,1009.0619196928124,1009.0620175,ms_run[1]:spectrum=3299,null,null,133,150,0,-0.0969,18
YFAPFEPAQIQALIPLAK,3300,P75820,null,UniProtKB/Swissprot,Swiss Prot K12 database,null,null,null,,3,673.0423577675,673.0439533333332,ms_run[1]:spectrum=3300,null,null,133,150,0,-2.3707,18
SITDACIGWEDTDALLR,2421,P0AB91,null,UniProtKB/Swissprot,Swiss Prot K12 database,null,null,null,,2,968.948760513125,939.9492725,ms_run[1]:spectrum=2421,null,null,323,339,0,,17
RAEYDQMWQHR,568,P36659,null,UniProtKB/Swissprot,Swiss Prot K12 database,null,null,null,,3,507.2335503944532,507.2340333333334,ms_run[1]:spectrum=568,null,null,62,72,0,-0.9521,11
DYYAIMGVKPTDDLK,1743,P36659,null,UniProtKB/Swissprot,Swiss Prot K12 database,null,null,null,,2,864.9288020170312,864.9298224999999,ms_run[1]:spectrum=1743,null,null,5,19,0,-1.1798,15
VGAATEVEMK,279,P0A6F5,null,UniProtKB/Swissprot,Swiss Prot K12 database,null,null,null,,2,525.7583918607812,517.7635125,ms_run[1]:spectrum=279,null,null,381,390,0,,10
GQNEDQNVGIK,305,P0A6F5,null,UniProtKB/Swissprot,Swiss Prot K12 database,null,null,null,,2,601.2940363920312,601.2945575,ms_run[1]:spectrum=305,null,null,431,441,0,-0.8666,11
ATLEDLGQAK,806,P0A6F5,null,UniProtKB/Swissprot,Swiss Prot K12 database,null,null,null,,2,523.2799983060937,523.2803825000001,ms_run[1]:spectrum=806,null,null,312,321,0,-0.7342,10
AVTAAVEELK,1010,P0A6F5,null,UniProtKB/Swissprot,Swiss Prot K12 database,null,null,null,,2,515.7922053373437,515.7931225000001,ms_run[1]:spectrum=1010,null,null,123,132,0,-1.7782,10
AIAQVGTISANSDETVGK,1111,P0A6F5,null,UniProtKB/Swissprot,Swiss Prot K12 database,null,null,null,,2,880.9544978178125,880.9554125,ms_run[1]:spectrum=1111,null,null,143,160,0,-1.0383,18
DTTTIIDGVGEEAAIQGR,1723,P0A6F5,null,UniProtKB/Swissprot,Swiss Prot K12 database,null,null,null,,2,923.4637141264062,923.4635975,ms_run[1]:spectrum=1723,null,null,328,345,0,0.1263,18
DTTTIIDGVGEEAAIQGR,1727,P0A6F5,null,UniProtKB/Swissprot,Swiss Prot K12 database,null,null,null,,3,615.9775384315625,615.97834,ms_run[1]:spectrum=1727,null,null,328,345,0,-1.3013,18
AAVEEGVVAGGGVALIR,1817,P0A6F5,null,UniProtKB/Swissprot,Swiss Prot K12 database,null,null,null,,2,784.4426569975,784.4442725,ms_run[1]:spectrum=1817,null,null,405,421,0,-2.0594,17
ANDAAGDGTTTATVLAQAIITEGLK,2902,P0A6F5,null,UniProtKB/Swissprot,Swiss Prot K12 database,null,null,null,,3,801.4162591346875,801.4190233333333,ms_run[1]:spectrum=2902,null,null,81,105,0,-3.4491,25
LKDGEDPGYTLYDLSER,1489,P69908,null,UniProtKB/Swissprot,Swiss Prot K12 database,null,null,null,,3,657.6491082557812,657.6501133333333,ms_run[1]:spectrum=1489,null,null,382,398,0,-1.5283,17
VQNASYQVAAYLADEIAK,2393,P69908,null,UniProtKB/Swissprot,Swiss Prot K12 database,null,null,null,,3,652.0013421425,652.0025999999999,ms_run[1]:spectrum=2393,null,null,342,359,0,-1.9292,18
LGPYEFICTGRPDEGIPAVCFK,2499,P69908,null,UniProtKB/Swissprot,Swiss Prot K12 database,null,null,null,,3,843.3986199745312,804.7296,ms_run[1]:spectrum=2499,null,null,360,381,0,,22
GWQVPAFTLGGEATDIVVMR,2971,P69908,null,UniProtKB/Swissprot,Swiss Prot K12 database,null,null,null,,2,1074.05252027875,1074.0518575,ms_run[1]:spectrum=2971,null,null,403,422,0,0.6171,20
GFEMDFAELLLEDYK,3297,P69908,null,UniProtKB/Swissprot,Swiss Prot K12 database,null,null,null,,2,910.4279475248436,910.4271074999998,ms_run[1]:spectrum=3297,null,null,428,442,0,0.9227,15
LKDGEDPGYTLYDLSER,1489,P69910,null,UniProtKB/Swissprot,Swiss Prot K12 database,null,null,null,,3,657.6491082557812,657.6501133333333,ms_run[1]:spectrum=1489,null,null,382,398,0,-1.5283,17
VQNASYQVAAYLADEIAK,2393,P69910,null,UniProtKB/Swissprot,Swiss Prot K12 database,null,null,null,,3,652.0013421425,652.0025999999999,ms_run[1]:spectrum=2393,null,null,342,359,0,-1.9292,18
LGPYEFICTGRPDEGIPAVCFK,2499,P69910,null,UniProtKB/Swissprot,Swiss Prot K12 database,null,null,null,,3,843.3986199745312,804.7296,ms_run[1]:spectrum=2499,null,null,360,381,0,,22
GWQVPAFTLGGEATDIVVMR,2971,P69910,null,UniProtKB/Swissprot,Swiss Prot K12 database,null,null,null,,2,1074.05252027875,1074.0518575,ms_run[1]:spectrum=2971,null,null,403,422,0,0.6171,20
GFEMDFAELLLEDYK,3297,P69910,null,UniProtKB/Swissprot,Swiss Prot K12 database,null,null,null,,2,910.4279475248436,910.4271074999998,ms_run[1]:spectrum=3297,null,null,428,442,0,0.9227,15
VGSCGAVLPHVK,966,P0ABP8,null,UniProtKB/Swissprot,Swiss Prot K12 database,null,null,null,,3,408.8847955116407,389.55040333333335,ms_run[1]:spectrum=966,null,null,89,100,0,,12
IALESVLLGDKE,2213,P0ABP8,null,UniProtKB/Swissprot,Swiss Prot K12 database,null,null,null,,2,643.863311294375,643.8642725000001,ms_run[1]:spectrum=2213,null,null,228,239,0,-1.4929,12
DAEANAEADR,102,P0A6Y8,null,UniProtKB/Swissprot,Swiss Prot K12 database,null,null,null,,2,531.2279963529687,531.2288775000001,ms_run[1]:spectrum=102,null,null,518,527,0,-1.6587,10
KQVEEAGDKLPADDK,280,P0A6Y8,null,UniProtKB/Swissprot,Swiss Prot K12 database,null,null,null,,3,548.2814324745312,548.28147,ms_run[1]:spectrum=280,null,null,548,562,0,-0.0684,15
ASSGLNEDEIQK,493,P0A6Y8,null,UniProtKB/Swissprot,Swiss Prot K12 database,null,null,null,,2,645.8118586576562,645.8127774999999,ms_run[1]:spectrum=493,null,null,503,514,0,-1.4228,12
MQELAQVSQK,615,P0A6Y8,null,UniProtKB/Swissprot,Swiss Prot K12 database,null,null,null,,2,581.2996516264062,581.3008025,ms_run[1]:spectrum=615,null,null,588,597,0,-1.9798,10
KFEELVQTR,746,P0A6Y8,null,UniProtKB/Swissprot,Swiss Prot K12 database,null,null,null,,3,383.8802789100782,383.88081000000005,ms_run[1]:spectrum=746,null,null,528,536,0,-1.3835,9
KFEELVQTR,747,P0A6Y8,null,UniProtKB/Swissprot,Swiss Prot K12 database,null,null,null,,2,575.3163752592187,575.3173025000001,ms_run[1]:spectrum=747,null,null,528,536,0,-1.6117,9
FEELVQTR,912,P0A6Y8,null,UniProtKB/Swissprot,Swiss Prot K12 database,null,null,null,,2,511.2687373197657,511.2698225,ms_run[1]:spectrum=912,null,null,529,536,0,-2.1225,8
IIAADNGDAWVEVK,1558,P0A6Y8,null,UniProtKB/Swissprot,Swiss Prot K12 database,null,null,null,,2,750.8878474271875,750.8888075000001,ms_run[1]:spectrum=1558,null,null,93,106,0,-1.2786,14
IINEPTAAALAYGLDK,1972,P0A6Y8,null,UniProtKB/Swissprot,Swiss Prot K12 database,null,null,null,,2,830.4501643217187,830.4517725,ms_run[1]:spectrum=1972,null,null,168,183,0,-1.9365,16
IINEPTAAALAYGLDK,1974,P0A6Y8,null,UniProtKB/Swissprot,Swiss Prot K12 database,null,null,null,,3,553.96960386125,553.9704566666666,ms_run[1]:spectrum=1974,null,null,168,183,0,-1.5394,16
TTPSIIAYTQDGETLVGQPAK,1993,P0A6Y8,null,UniProtKB/Swissprot,Swiss Prot K12 database,null,null,null,,3,730.7142327675,730.7150066666667,ms_run[1]:spectrum=1993,null,null,35,55,0,-1.0591,21
TTPSIIAYTQDGETLVGQPAK,1998,P0A6Y8,null,UniProtKB/Swissprot,Swiss Prot K12 database,null,null,null,,2,1095.5694880521876,1095.5685975,ms_run[1]:spectrum=1998,null,null,35,55,0,0.8129,21
SLGQFNLDGINPAPR,2004,P0A6Y8,null,UniProtKB/Swissprot,Swiss Prot K12 database,null,null,null,,2,799.9168391264062,799.9184375000001,ms_run[1]:spectrum=2004,null,null,453,467,0,-1.9982,15
SLGQFNLDGINPAPR,2014,P0A6Y8,null,UniProtKB/Swissprot,Swiss Prot K12 database,null,null,null,,3,533.6130364784375,533.6149,ms_run[1]:spectrum=2014,null,null,453,467,0,-3.4923,15
KDVNPDEAVAIGAAVQGGVLTGDVK,2026,P0A6Y8,null,UniProtKB/Swissprot,Swiss Prot K12 database,null,null,null,,3,808.4299920448437,808.4312566666666,ms_run[1]:spectrum=2026,null,null,363,387,0,-1.5643,25
LESLVEDLVNR,2062,P0A6Y8,null,UniProtKB/Swissprot,Swiss Prot K12 database,null,null,null,,2,643.8507990873437,643.8517025000001,ms_run[1]:spectrum=2062,null,null,305,315,0,-1.4031,11
IELSSAQQTDVNLPYITADATGPK,2164,P0A6Y8,null,UniProtKB/Swissprot,Swiss Prot K12 database,null,null,null,,3,844.764769876875,844.7663166666667,ms_run[1]:spectrum=2164,null,null,271,294,0,-1.831,24
LINYLVEEFK,2231,P0A6Y8,null,UniProtKB/Swissprot,Swiss Prot K12 database,null,null,null,,2,634.3497614896875,634.3508075,ms_run[1]:spectrum=2231,null,null,236,245,0,-1.6489,10
VALQDAGLSVSDIDDVILVGGQTR,2789,P0A6Y8,null,UniProtKB/Swissprot,Swiss Prot K12 database,null,null,null,,3,814.4338982948437,814.4347833333333,ms_run[1]:spectrum=2789,null,null,322,345,0,-1.0867,24
VALQDAGLSVSDIDDVILVGGQTR,2798,P0A6Y8,null,UniProtKB/Swissprot,Swiss Prot K12 database,null,null,null,,2,1221.1477351225,1221.1482625,ms_run[1]:spectrum=2798,null,null,322,345,0,-0.4319,24
TAIESALTALETALK,3168,P0A6Y8,null,UniProtKB/Swissprot,Swiss Prot K12 database,null,null,null,,2,766.42849684125,766.4330524999999,ms_run[1]:spectrum=3168,null,null,563,577,0,-5.944,15
DVLLLDVTPLSLGIETMGGVMTTLIAK,3644,P0A6Y8,null,UniProtKB/Swissprot,Swiss Prot K12 database,null,null,null,,3,934.1845696815624,934.1870533333334,ms_run[1]:spectrum=3644,null,null,388,414,0,-2.6586,27
AVYQGAGVSAK,395,P23847,null,UniProtKB/Swissprot,Swiss Prot K12 database,null,null,null,,2,525.7826838529687,525.7830925000001,ms_run[1]:spectrum=395,null,null,325,335,0,-0.7772,11
GYVVDPLGK,1332,P23847,null,UniProtKB/Swissprot,Swiss Prot K12 database,null,null,null,,2,474.2637629545313,474.26400250000006,ms_run[1]:spectrum=1332,null,null,518,526,0,-0.5051,9
NECQVMPYPNPADIAR,1469,P23847,null,UniProtKB/Swissprot,Swiss Prot K12 database,null,null,null,,2,946.4176936185936,909.4196375,ms_run[1]:spectrum=1469,null,null,260,275,0,,16
MAEMIQADWAK,1537,P23847,null,UniProtKB/Swissprot,Swiss Prot K12 database,null,null,null,,2,647.3020930326562,647.3024825,ms_run[1]:spectrum=1537,null,null,392,402,0,-0.6017,11
IGTTEVIPGLAEK,1653,P23847,null,UniProtKB/Swissprot,Swiss Prot K12 database,null,null,null,,2,664.3766169584375,664.3775475000001,ms_run[1]:spectrum=1653,null,null,69,81,0,-1.4006,13
NECQVMPYPNPADIAR,1820,P23847,null,UniProtKB/Swissprot,Swiss Prot K12 database,null,null,null,,2,938.4220881498436,909.4196375,ms_run[1]:spectrum=1820,null,null,260,275,0,,16
NECQVMPYPNPADIAR,1829,P23847,null,UniProtKB/Swissprot,Swiss Prot K12 database,null,null,null,,3,625.9494622596875,606.6157,ms_run[1]:spectrum=1829,null,null,260,275,0,,16
IVTYEWGEYLK,1983,P23847,null,UniProtKB/Swissprot,Swiss Prot K12 database,null,null,null,,2,700.8576350248437,700.8589975,ms_run[1]:spectrum=1983,null,null,409,419,0,-1.944,11
AGTPEKLDLNPIGTGPFQLQQYQK,2222,P23847,null,UniProtKB/Swissprot,Swiss Prot K12 database,null,null,null,,3,881.79772886125,881.7979499999998,ms_run[1]:spectrum=2222,null,null,197,220,0,-0.2508,24
WCYKPFEDLIQPAR,2325,P23847,null,UniProtKB/Swissprot,Swiss Prot K12 database,null,null,null,,3,608.6303704628125,589.2964033333334,ms_run[1]:spectrum=2325,null,null,462,475,0,,14
WCYKPFEDLIQPAR,2327,P23847,null,UniProtKB/Swissprot,Swiss Prot K12 database,null,null,null,,2,912.4420466459376,883.4406925000001,ms_run[1]:spectrum=2327,null,null,462,475,0,,14
LDLNPIGTGPFQLQQYQK,2443,P23847,null,UniProtKB/Swissprot,Swiss Prot K12 database,null,null,null,,3,687.3648064979687,687.3657633333332,ms_run[1]:spectrum=2443,null,null,203,220,0,-1.392,18
LDLNPIGTGPFQLQQYQK,2445,P23847,null,UniProtKB/Swissprot,Swiss Prot K12 database,null,null,null,,2,1030.54470777875,1030.5447324999998,ms_run[1]:spectrum=2445,null,null,203,220,0,-0.024,18
TLVYCSEGSPEGFNPQLFTSGTTYDASSVPLYNR,2602,P23847,null,UniProtKB/Swissprot,Swiss Prot K12 database,null,null,null,,3,1253.57604917375,1234.2424500000002,ms_run[1]:spectrum=2602,null,null,30,63,0,,34
AFDGYWGTKPQIDTLVFSITPDASVR,2813,P23847,null,UniProtKB/Swissprot,Swiss Prot K12 database,null,null,null,,3,962.1547234901562,962.15591,ms_run[1]:spectrum=2813,null,null,228,253,0,-1.2332,26
SINLMEMPGLNVGYLSYNVQK,2887,P23847,null,UniProtKB/Swissprot,Swiss Prot K12 database,null,null,null,,3,790.7324212440625,790.7331333333333,ms_run[1]:spectrum=2887,null,null,281,301,0,-0.9005,21
SINLMEMPGLNVGYLSYNVQK,2896,P23847,null,UniProtKB/Swissprot,Swiss Prot K12 database,null,null,null,,2,1185.5936579740626,1185.5957875,ms_run[1]:spectrum=2896,null,null,281,301,0,-1.7962,21
VSGGSYEYFEGMGLPELISEVK,3009,P23847,null,UniProtKB/Swissprot,Swiss Prot K12 database,null,null,null,,2,1196.0735163725,1196.0753924999997,ms_run[1]:spectrum=3009,null,null,135,156,0,-1.5686,22
VSGGSYEYFEGMGLPELISEVK,3015,P23847,null,UniProtKB/Swissprot,Swiss Prot K12 database,null,null,null,,3,797.718383158125,797.7195366666665,ms_run[1]:spectrum=3015,null,null,135,156,0,-1.446,22
KVDDNTVQFVLTRPEAPFLADLAMDFASILSK,3563,P23847,null,UniProtKB/Swissprot,Swiss Prot K12 database,null,null,null,,4,888.7161705548438,888.7173462500002,ms_run[1]:spectrum=3563,null,null,157,188,0,-1.3229,32
KATVELLNR,759,P0ABT2,null,UniProtKB/Swissprot,Swiss Prot K12 database,null,null,null,,3,348.5453790077344,348.54565,ms_run[1]:spectrum=759,null,null,27,35,0,-0.7775,9
YAIVANDVR,853,P0ABT2,null,UniProtKB/Swissprot,Swiss Prot K12 database,null,null,null,,2,510.7770686185938,510.7778125,ms_run[1]:spectrum=853,null,null,125,133,0,-1.4564,9
ATNLLYTR,888,P0ABT2,null,UniProtKB/Swissprot,Swiss Prot K12 database,null,null,null,,2,476.2669367826563,476.2670875,ms_run[1]:spectrum=888,null,null,11,18,0,-0.3165,8
ATVELLNR,1031,P0ABT2,null,UniProtKB/Swissprot,Swiss Prot K12 database,null,null,null,,2,458.2669367826563,458.2670825,ms_run[1]:spectrum=1031,null,null,28,35,0,-0.318,8
AIGEAKDDDTADILTAASR,1295,P0ABT2,null,UniProtKB/Swissprot,Swiss Prot K12 database,null,null,null,,3,644.987914408125,644.9890133333332,ms_run[1]:spectrum=1295,null,null,135,153,0,-1.7038,19
DDDTADILTAASR,1364,P0ABT2,null,UniProtKB/Swissprot,Swiss Prot K12 database,null,null,null,,2,682.32009840375,682.3209625000002,ms_run[1]:spectrum=1364,null,null,141,153,0,-1.2664,13
TALIDHLDTMAER,1457,P0ABT2,null,UniProtKB/Swissprot,Swiss Prot K12 database,null,null,null,,2,743.3709406889062,743.3724775000001,ms_run[1]:spectrum=1457,null,null,71,83,0,-2.0674,13
AVQLGGVALGTTQVINSK,1923,P0ABT2,null,UniProtKB/Swissprot,Swiss Prot K12 database,null,null,null,,2,878.5015559232812,878.5023325,ms_run[1]:spectrum=1923,null,null,84,101,0,-0.884,18
AVQLGGVALGTTQVINSK,1924,P0ABT2,null,UniProtKB/Swissprot,Swiss Prot K12 database,null,null,null,,3,586.0034173378125,586.0041633333333,ms_run[1]:spectrum=1924,null,null,84,101,0,-1.273,18
GANFIAVHEMLDGFR,2247,P0ABT2,null,UniProtKB/Swissprot,Swiss Prot K12 database,null,null,null,,2,838.9135432279687,838.9148375,ms_run[1]:spectrum=2247,null,null,56,70,0,-1.5428,15
FLWFIESNIE,3234,P0ABT2,null,UniProtKB/Swissprot,Swiss Prot K12 database,null,null,null,,2,649.325713638125,649.3273325,ms_run[1]:spectrum=3234,null,null,158,167,0,-2.4931,10
TVLTNSGVLYITDDGK,1854,P0AEG6,null,UniProtKB/Swissprot,Swiss Prot K12 database,null,null,null,,2,848.442412856875,848.4441524999999,ms_run[1]:spectrum=1854,null,null,49,64,0,-2.0504,16
AGDIAAAIGLK,1654,P0A6M8,null,UniProtKB/Swissprot,Swiss Prot K12 database,null,null,null,,2,500.29534864789065,500.2958275000001,ms_run[1]:spectrum=1654,null,null,379,389,0,-0.9571,11
YDEAPSNVAQAVIEAR,1678,P0A6M8,null,UniProtKB/Swissprot,Swiss Prot K12 database,null,null,null,,3,578.2873528846875,578.28874,ms_run[1]:spectrum=1678,null,null,687,702,0,-2.3987,16
GGVIPGEYIPAVDK,1797,P0A6M8,null,UniProtKB/Swissprot,Swiss Prot K12 database,null,null,null,,2,707.8821711576562,707.8829925000001,ms_run[1]:spectrum=1797,null,null,542,555,0,-1.1603,14
AGPLAGYPVVDMGIR,2221,P0A6M8,null,UniProtKB/Swissprot,Swiss Prot K12 database,null,null,null,,2,758.4029841459375,758.4035725,ms_run[1]:spectrum=2221,null,null,563,577,0,-0.7758,15
IHAEVPLSEMFGYATQLR,2545,P0A6M8,null,UniProtKB/Swissprot,Swiss Prot K12 database,null,null,null,,3,688.0161736854687,688.0195966666665,ms_run[1]:spectrum=2545,null,null,654,671,0,-4.9751,18
MEFPEPVISIAVEPK,2637,P0A6M8,null,UniProtKB/Swissprot,Swiss Prot K12 database,null,null,null,,2,843.4454035795312,843.4451025000001,ms_run[1]:spectrum=2637,null,null,409,423,0,0.357,15
IGENINIR,875,P0A6P1,null,UniProtKB/Swissprot,Swiss Prot K12 database,null,null,null,,2,464.76394606,464.7647075,ms_run[1]:spectrum=875,null,null,126,133,0,-1.6383,8
ALTEANGDIELAIENMR,2197,P0A6P1,null,UniProtKB/Swissprot,Swiss Prot K12 database,null,null,null,,2,930.4624934232812,930.4625475,ms_run[1]:spectrum=2197,null,null,26,42,0,-0.0581,17
AGENVGVLLR,1335,P0A6N1,null,UniProtKB/Swissprot,Swiss Prot K12 database,null,null,null,,2,514.2987360990625,514.2989075,ms_run[1]:spectrum=1335,null,null,271,280,0,-0.3333,10
VGEEVEIVGIK,1524,P0A6N1,null,UniProtKB/Swissprot,Swiss Prot K12 database,null,null,null,,2,586.3322443998437,586.3326075,ms_run[1]:spectrum=1524,null,null,239,249,0,-0.6193,11
ELLSQYDFPGDDTPIVR,2210,P0A6N1,null,UniProtKB/Swissprot,Swiss Prot K12 database,null,null,null,,2,982.9814143217188,982.9841675,ms_run[1]:spectrum=2210,null,null,156,172,0,-2.8008,17
TTLTAAITTVLAK,2401,P0A6N1,null,UniProtKB/Swissprot,Swiss Prot K12 database,null,null,null,,2,652.394805435,652.3957475,ms_run[1]:spectrum=2401,null,null,26,38,0,-1.444,13
IMIDLDGTENK,1439,P0A6P9,null,UniProtKB/Swissprot,Swiss Prot K12 database,null,null,null,,2,624.81082106,624.8111925000001,ms_run[1]:spectrum=1439,null,null,93,103,0,-0.5945,11
AVAAVNGPIAQALIGK,2092,P0A6P9,null,UniProtKB/Swissprot,Swiss Prot K12 database,null,null,null,,2,746.9452815092187,746.9464575,ms_run[1]:spectrum=2092,null,null,67,82,0,-1.5744,16
FGANAILAVSLANAK,2322,P0A6P9,null,UniProtKB/Swissprot,Swiss Prot K12 database,null,null,null,,2,730.4161677396875,730.4175375,ms_run[1]:spectrum=2322,null,null,106,120,0,-1.8753,15
TADQGTNIQTPAQMAK,822,P0AC47,null,UniProtKB/Swissprot,Swiss Prot K12 database,null,null,null,,2,837.9103693998437,837.9099625,ms_run[1]:spectrum=822,null,null,127,142,0,0.4856,16
VEALANFPIER,1799,P0AC47,null,UniProtKB/Swissprot,Swiss Prot K12 database,null,null,null,,2,629.8424372709375,629.8436775,ms_run[1]:spectrum=1799,null,null,91,101,0,-1.9691,11
KVVMTGPSK,228,P0A9B2,null,UniProtKB/Swissprot,Swiss Prot K12 database,null,null,null,,2,473.7731318510157,473.7736875000001,ms_run[1]:spectrum=228,null,null,116,124,0,-1.1728,9
GASQNIIPSSTGAAK,800,P0A9B2,null,UniProtKB/Swissprot,Swiss Prot K12 database,null,null,null,,2,701.3698420560937,701.3707924999999,ms_run[1]:spectrum=800,null,null,199,213,0,-1.3551,15
AGIALNDNFVK,1539,P0A9B2,null,UniProtKB/Swissprot,Swiss Prot K12 database,null,null,null,,2,581.3161311185937,581.3172974999999,ms_run[1]:spectrum=1539,null,null,297,307,0,-2.0064,11
SAFDEFSTPAAR,1314,P0AC59,null,UniProtKB/Swissprot,Swiss Prot K12 database,null,null,null,,2,649.8045344389062,649.8047525000001,ms_run[1]:spectrum=1314,null,null,108,119,0,-0.3356,12
SPAIEEWLR,1842,P0AC59,null,UniProtKB/Swissprot,Swiss Prot K12 database,null,null,null,,2,550.7897639310937,550.7909175000001,ms_run[1]:spectrum=1842,null,null,83,91,0,-2.0944,9
GVSFQELPIDGNAAK,1783,P0AC62,null,UniProtKB/Swissprot,Swiss Prot K12 database,null,null,null,,2,773.3977351225,773.3995425,ms_run[1]:spectrum=1783,null,null,26,40,0,-2.3369,15
AANDDLLNSFWLLDSEK,2994,P68066,null,UniProtKB/Swissprot,Swiss Prot K12 database,null,null,null,,2,975.9732356107812,975.9763425,ms_run[1]:spectrum=2994,null,null,10,26,0,-3.1834,17
DKPEDAVLDVQGIATVTPAIVQACTQDK,2557,P0AES9,null,UniProtKB/Swissprot,Swiss Prot K12 database,null,null,null,,3,995.1693719276562,975.8345066666668,ms_run[1]:spectrum=2557,null,null,64,91,0,,28
KPVNSWTCEDFLAVDESFQPTAVGFAEALNNK,2930,P0AES9,null,UniProtKB/Swissprot,Swiss Prot K12 database,null,null,null,,3,1195.8999017128124,1176.5649666666668,ms_run[1]:spectrum=2930,null,null,32,63,0,,32
ALGDIPESHILTVSSFYR,2237,P26281,null,UniProtKB/Swissprot,Swiss Prot K12 database,null,null,null,,3,669.01745542375,669.01836,ms_run[1]:spectrum=2237,null,null,25,42,0,-1.3521,18
ALGDIPESHILTVSSFYR,2240,P26281,null,UniProtKB/Swissprot,Swiss Prot K12 database,null,null,null,,2,1003.0234065092188,1003.0236275,ms_run[1]:spectrum=2240,null,null,25,42,0,-0.2203,18
TPPLGPQDQPDYLNAAVALETSLAPEELLNHTQR,3111,P26281,null,UniProtKB/Swissprot,Swiss Prot K12 database,null,null,null,,3,1233.62683042375,1233.6273933333334,ms_run[1]:spectrum=3111,null,null,43,76,0,-0.4563,34
TPPLGPQDQPDYLNAAVALETSLAPEELLNHTQR,3120,P26281,null,UniProtKB/Swissprot,Swiss Prot K12 database,null,null,null,,4,925.47160268375,925.4725012500002,ms_run[1]:spectrum=3120,null,null,43,76,0,-0.9709,34
TLDLDIMLFGNEVINTER,3170,P26281,null,UniProtKB/Swissprot,Swiss Prot K12 database,null,null,null,,2,1047.036651138125,1047.0333375,ms_run[1]:spectrum=3170,null,null,94,111,0,3.1648,18
GFMLWPLFEIAPELVFPDGEMLR,3573,P26281,null,UniProtKB/Swissprot,Swiss Prot K12 database,null,null,null,,3,913.7888177284376,903.1274666666668,ms_run[1]:spectrum=3573,null,null,123,145,0,,23
EEFGGELIDGGPWLK,2422,P08200,null,UniProtKB/Swissprot,Swiss Prot K12 database,null,null,null,,2,823.9069514310937,823.9071925,ms_run[1]:spectrum=2422,null,null,251,265,0,-0.2926,15
VEGKDDVTGEELTTR,552,P69441,null,UniProtKB/Swissprot,Swiss Prot K12 database,null,null,null,,3,550.2722772010937,550.2728666666666,ms_run[1]:spectrum=552,null,null,142,156,0,-1.0712,15
DDVTGEELTTR,634,P69441,null,UniProtKB/Swissprot,Swiss Prot K12 database,null,null,null,,2,618.2908625639062,618.2916775000001,ms_run[1]:spectrum=634,null,null,146,156,0,-1.318,11
GTQAQFIMEK,992,P69441,null,UniProtKB/Swissprot,Swiss Prot K12 database,null,null,null,,2,576.7897639310937,576.7900675000001,ms_run[1]:spectrum=992,null,null,14,23,0,-0.5263,10
IILLGAPGAGK,1643,P69441,null,UniProtKB/Swissprot,Swiss Prot K12 database,null,null,null,,2,505.32379103070315,505.3243875000001,ms_run[1]:spectrum=1643,null,null,3,13,0,-1.1804,11
LVEYHQMTAPLIGYYSK,1852,P69441,null,UniProtKB/Swissprot,Swiss Prot K12 database,null,null,null,,3,671.6757806190625,671.6770633333332,ms_run[1]:spectrum=1852,null,null,168,184,0,-1.9097,17
YGIPQISTGDMLR,2018,P69441,null,UniProtKB/Swissprot,Swiss Prot K12 database,null,null,null,,2,725.8705744779687,725.8721175000002,ms_run[1]:spectrum=2018,null,null,24,36,0,-2.1257,13
NGFLLDGFPR,2253,P69441,null,UniProtKB/Swissprot,Swiss Prot K12 database,null,null,null,,2,568.2976985014062,568.2989075,ms_run[1]:spectrum=2253,null,null,79,88,0,-2.1274,10
AVEAAGGEVCMTR,745,P04951,null,UniProtKB/Swissprot,Swiss Prot K12 database,null,null,null,,2,676.3023371732812,647.3004675,ms_run[1]:spectrum=745,null,null,57,69,0,,13
VDQLSNDVNAMR,904,P69776,null,UniProtKB/Swissprot,Swiss Prot K12 database,null,null,null,,2,681.3268122709375,681.3280775000001,ms_run[1]:spectrum=904,null,null,41,52,0,-1.857,12
IDQLSSDVQTLNAK,1165,P69776,null,UniProtKB/Swissprot,Swiss Prot K12 database,null,null,null,,2,766.4005427396875,766.4022924999999,ms_run[1]:spectrum=1165,null,null,27,40,0,-2.2831,14
EVNVPDIGGDEVEVTEVMVK,2313,P06959,null,UniProtKB/Swissprot,Swiss Prot K12 database,null,null,null,,2,1079.534698013125,1079.5333575000002,ms_run[1]:spectrum=2313,null,null,208,227,0,1.2418,20
VPDIGADEVEITEILVK,2777,P06959,null,UniProtKB/Swissprot,Swiss Prot K12 database,null,null,null,,2,920.4999690092188,920.5016525,ms_run[1]:spectrum=2777,null,null,7,23,0,-1.8289,17
IGSDAYNQGLSER,630,P0A910,null,UniProtKB/Swissprot,Swiss Prot K12 database,null,null,null,,2,705.3357844389062,705.3369525000002,ms_run[1]:spectrum=630,null,null,264,276,0,-1.656,13
GMGESNPVTGNTCDNVK,728,P0A910,null,UniProtKB/Swissprot,Swiss Prot K12 database,null,null,null,,2,890.8775324857812,861.8752625000001,ms_run[1]:spectrum=728,null,null,299,315,0,,17
DGSVVVLGYTDR,1430,P0A910,null,UniProtKB/Swissprot,Swiss Prot K12 database,null,null,null,,2,640.8275446928125,640.8282275000001,ms_run[1]:spectrum=1430,null,null,252,263,0,-1.0655,12
AALIDCLAPDR,1735,P0A910,null,UniProtKB/Swissprot,Swiss Prot K12 database,null,null,null,,2,608.3056330717187,579.3033325,ms_run[1]:spectrum=1735,null,null,318,328,0,,11
LGYPITDDLDIYTR,2255,P0A910,null,UniProtKB/Swissprot,Swiss Prot K12 database,null,null,null,,2,827.9212336576562,827.9203125,ms_run[1]:spectrum=2255,null,null,104,117,0,1.1126,14
ATLKPEGQAALDQLYSQLSNLDPK,2569,P0A910,null,UniProtKB/Swissprot,Swiss Prot K12 database,null,null,null,,3,867.4559930214062,867.4575933333334,ms_run[1]:spectrum=2569,null,null,228,251,0,-1.8448,24
INLLDDNQFTR,1745,P06996,null,UniProtKB/Swissprot,Swiss Prot K12 database,null,null,null,,2,674.8451838529687,674.8469575,ms_run[1]:spectrum=1745,null,null,339,349,0,-2.6282,11
YLTEQGFQVR,1172,P0AA16,null,UniProtKB/Swissprot,Swiss Prot K12 database,null,null,null,,2,620.81863356,620.8202125000001,ms_run[1]:spectrum=1172,null,null,23,32,0,-2.5433,10
KPITDLGVK,703,P23843,null,UniProtKB/Swissprot,Swiss Prot K12 database,null,null,null,,3,324.20272764054687,324.20311,ms_run[1]:spectrum=703,null,null,155,163,0,-1.1794,9
LLVHPSTSPVPK,923,P23843,null,UniProtKB/Swissprot,Swiss Prot K12 database,null,null,null,,2,637.8766779935937,637.8775225,ms_run[1]:spectrum=923,null,null,184,195,0,-1.3239,12
AQGNMPAYGYTPPYTDGAK,1250,P23843,null,UniProtKB/Swissprot,Swiss Prot K12 database,null,null,null,,2,1001.45388746625,1001.4547275,ms_run[1]:spectrum=1250,null,null,334,352,0,-0.8388,19
SPAFDSIMAETLK,1490,P23843,null,UniProtKB/Swissprot,Swiss Prot K12 database,null,null,null,,2,713.3497004545312,705.3532224999998,ms_run[1]:spectrum=1490,null,null,469,481,0,,13
LVKPWVGGYTGKDPLDNTYTR,1546,P23843,null,UniProtKB/Swissprot,Swiss Prot K12 database,null,null,null,,4,595.8132774884375,595.8133887500001,ms_run[1]:spectrum=1546,null,null,516,536,0,-0.1867,21
WTQPGNIVTNGAYTLK,1719,P23843,null,UniProtKB/Swissprot,Swiss Prot K12 database,null,null,null,,2,881.958526138125,881.9603074999999,ms_run[1]:spectrum=1719,null,null,205,220,0,-2.0198,16
LAIAASSLWK,1934,P23843,null,UniProtKB/Swissprot,Swiss Prot K12 database,null,null,null,,2,530.31326246625,530.3140275,ms_run[1]:spectrum=1934,null,null,400,409,0,-1.4426,10
AEQQLDKDSAIVPVYYYVNAR,2000,P23843,null,UniProtKB/Swissprot,Swiss Prot K12 database,null,null,null,,3,814.747191751875,814.7487100000002,ms_run[1]:spectrum=2000,null,null,495,515,0,-1.8635,21
LTQPEWFGWSQEK,2045,P23843,null,UniProtKB/Swissprot,Swiss Prot K12 database,null,null,null,,2,818.393584731875,818.3942675,ms_run[1]:spectrum=2045,null,null,353,365,0,-0.8343,13
LTQPEWFGWSQEK,2053,P23843,null,UniProtKB/Swissprot,Swiss Prot K12 database,null,null,null,,3,545.9306634315625,545.9321199999999,ms_run[1]:spectrum=2053,null,null,353,365,0,-2.668,13
SPAFDSIMAETLK,2159,P23843,null,UniProtKB/Swissprot,Swiss Prot K12 database,null,null,null,,2,705.3522639310937,705.3532224999998,ms_run[1]:spectrum=2159,null,null,469,481,0,-1.359,13
DSAIVPVYYYVNAR,2173,P23843,null,UniProtKB/Swissprot,Swiss Prot K12 database,null,null,null,,2,815.4163508451562,815.4177425,ms_run[1]:spectrum=2173,null,null,502,515,0,-1.7067,14
WSDGTPVTAQDFVYSWQR,2266,P23843,null,UniProtKB/Swissprot,Swiss Prot K12 database,null,null,null,,2,1071.996612075625,1071.9981475,ms_run[1]:spectrum=2266,null,null,108,125,0,-1.4323,18
WSDGTPVTAQDFVYSWQR,2269,P23843,null,UniProtKB/Swissprot,Swiss Prot K12 database,null,null,null,,3,714.9999993690625,715.0013733333334,ms_run[1]:spectrum=2269,null,null,108,125,0,-1.9216,18
EIPDEVHVDPYLCTYYYEINNQKPPFNDVR,2366,P23843,null,UniProtKB/Swissprot,Swiss Prot K12 database,null,null,null,,4,932.9349205548438,918.43496375,ms_run[1]:spectrum=2366,null,null,285,314,0,,30
SGEIDMTNNSMPIELFQK,2385,P23843,null,UniProtKB/Swissprot,Swiss Prot K12 database,null,null,null,,2,1027.4811091459376,1027.4826325,ms_run[1]:spectrum=2385,null,null,264,281,0,-1.4826,18
SGEIDMTNNSMPIELFQK,2392,P23843,null,UniProtKB/Swissprot,Swiss Prot K12 database,null,null,null,,3,685.3231805214062,685.3243633333333,ms_run[1]:spectrum=2392,null,null,264,281,0,-1.7259,18
AIDDHTLEVTLSEPVPYFYK,2457,P23843,null,UniProtKB/Swissprot,Swiss Prot K12 database,null,null,null,,3,779.7255242714062,779.7270199999999,ms_run[1]:spectrum=2457,null,null,164,183,0,-1.9183,20
TVINQVTYLPIASEVTDVNR,2474,P23843,null,UniProtKB/Swissprot,Swiss Prot K12 database,null,null,null,,3,744.7336419471875,744.7344033333334,ms_run[1]:spectrum=2474,null,null,242,261,0,-1.0224,20
TVINQVTYLPIASEVTDVNR,2476,P23843,null,UniProtKB/Swissprot,Swiss Prot K12 database,null,null,null,,2,1116.596221450625,1116.5976925,ms_run[1]:spectrum=2476,null,null,242,261,0,-1.3174,20
DLFEGLLVSDLDGHPAPGVAESWDNKDAK,2651,P23843,null,UniProtKB/Swissprot,Swiss Prot K12 database,null,null,null,,4,774.6299889142188,774.6298937500001,ms_run[1]:spectrum=2651,null,null,68,96,0,0.1229,29
SVDPNTASPYASYLQYGHIAGIDEILEGK,2692,P23843,null,UniProtKB/Swissprot,Swiss Prot K12 database,null,null,null,,3,1036.8431390175,1036.84406,ms_run[1]:spectrum=2692,null,null,126,154,0,-0.8883,29
AGWCADYNEPTSFLNTMLSNSSMNTAHYK,2700,P23843,null,UniProtKB/Swissprot,Swiss Prot K12 database,null,null,null,,3,1104.474974955,1085.1395133333333,ms_run[1]:spectrum=2700,null,null,440,468,0,,29
DLFEGLLVSDLDGHPAPGVAESWDNK,2847,P23843,null,UniProtKB/Swissprot,Swiss Prot K12 database,null,null,null,,3,927.7842400917187,927.7842466666666,ms_run[1]:spectrum=2847,null,null,68,93,0,-0.0071,26
SEVAVPGIDASTFDGIIQK,2415,P0C0L2,null,UniProtKB/Swissprot,Swiss Prot K12 database,null,null,null,,2,974.0076594389062,974.0076374999998,ms_run[1]:spectrum=2415,null,null,102,120,0,0.0225,19
DSPINNLNDLLAK,2249,P16682,null,UniProtKB/Swissprot,Swiss Prot K12 database,null,null,null,,2,713.8792414701562,713.8809924999998,ms_run[1]:spectrum=2249,null,null,128,140,0,-2.4528,13
RLTGDQTAALR,418,P00634,null,UniProtKB/Swissprot,Swiss Prot K12 database,null,null,null,,2,601.3360285795312,601.3365575,ms_run[1]:spectrum=418,null,null,46,56,0,-0.8796,11
LTGDQTAALR,508,P00634,null,UniProtKB/Swissprot,Swiss Prot K12 database,null,null,null,,2,523.285674575625,523.2860025,ms_run[1]:spectrum=508,null,null,47,56,0,-0.6267,10
APGLTQALNTK,1008,P00634,null,UniProtKB/Swissprot,Swiss Prot K12 database,null,null,null,,2,557.3166193998437,557.3173025,ms_run[1]:spectrum=1008,null,null,405,415,0,-1.2257,11
TFAETATAGEWQGK,1012,P00634,null,UniProtKB/Swissprot,Swiss Prot K12 database,null,null,null,,2,748.8542170560937,748.8549724999999,ms_run[1]:spectrum=1012,null,null,232,245,0,-1.0088,14
TGKPDYVTDSAASATAWSTGVK,1291,P00634,null,UniProtKB/Swissprot,Swiss Prot K12 database,null,null,null,,3,738.3622430214062,738.3627433333332,ms_run[1]:spectrum=1291,null,null,115,136,0,-0.6776,22
EGNTLVIVTADHAHASQIVAPDTK,1458,P00634,null,UniProtKB/Swissprot,Swiss Prot K12 database,null,null,null,,3,829.766723001875,829.7666466666666,ms_run[1]:spectrum=1458,null,null,381,404,0,0.092,24
GSITEQLLNAR,1497,P00634,null,UniProtKB/Swissprot,Swiss Prot K12 database,null,null,null,,2,601.3300471342187,601.3309425000001,ms_run[1]:spectrum=1497,null,null,211,221,0,-1.489,11
QDHAANPCGQIGETVDLDEAVQR,1525,P00634,null,UniProtKB/Swissprot,Swiss Prot K12 database,null,null,null,,3,842.0487664589062,822.7158499999999,ms_run[1]:spectrum=1525,null,null,351,373,0,,23
GFFLQVEGASIDK,2131,P00634,null,UniProtKB/Swissprot,Swiss Prot K12 database,null,null,null,,2,705.8666071928125,705.8673474999999,ms_run[1]:spectrum=2131,null,null,338,350,0,-1.0488,13
IAAYGPHAANVVGLTDQTDLFYTMK,2321,P00634,null,UniProtKB/Swissprot,Swiss Prot K12 database,null,null,null,,3,899.4506219276562,899.4516733333331,ms_run[1]:spectrum=2321,null,null,441,465,0,-1.1689,25
AAGLATGNVSTAELQDATPAALVAHVTSR,2353,P00634,null,UniProtKB/Swissprot,Swiss Prot K12 database,null,null,null,,3,931.4865716346876,931.4899499999998,ms_run[1]:spectrum=2353,null,null,160,188,0,-3.6268,29
NIILLIGDGMGDSEITAAR,2652,P00634,null,UniProtKB/Swissprot,Swiss Prot K12 database,null,null,null,,2,980.0153498685936,980.0149425,ms_run[1]:spectrum=2652,null,null,66,84,0,0.4157,19
TFDDKAPETVK,469,P23869,null,UniProtKB/Swissprot,Swiss Prot K12 database,null,null,null,,2,625.8168635404687,625.8173275,ms_run[1]:spectrum=469,null,null,15,25,0,-0.7414,11
MVTFHTNHGDIVIK,1191,P23869,null,UniProtKB/Swissprot,Swiss Prot K12 database,null,null,null,,4,403.7131798321875,403.71379375,ms_run[1]:spectrum=1191,null,null,1,14,0,-1.5207,14
VINGFMIQGGGFEPGMK,2183,P23869,null,UniProtKB/Swissprot,Swiss Prot K12 database,null,null,null,,2,891.4382014310937,891.4398325000001,ms_run[1]:spectrum=2183,null,null,44,60,0,-1.8297,17
MISGILASPGIAFGK,2411,P08839,null,UniProtKB/Swissprot,Swiss Prot K12 database,null,null,null,,2,731.410186294375,731.4108675,ms_run[1]:spectrum=2411,null,null,1,15,0,-0.9314,15
LSGSVTVGETPVIR,1412,P69783,null,UniProtKB/Swissprot,Swiss Prot K12 database,null,null,null,,2,707.8981623685937,707.8991825,ms_run[1]:spectrum=1412,null,null,153,166,0,-1.4411,14
STLTPVVISNMDEIK,2132,P69783,null,UniProtKB/Swissprot,Swiss Prot K12 database,null,null,null,,2,823.93728590375,823.9376524999999,ms_run[1]:spectrum=2132,null,null,134,148,0,-0.4449,15
VIELQGIAGTSAAR,1502,P02925,null,UniProtKB/Swissprot,Swiss Prot K12 database,null,null,null,,2,693.3896174467187,693.3915225000002,ms_run[1]:spectrum=1502,null,null,151,164,0,-2.7474,14
ILLINPTDSDAVGNAVK,2046,P02925,null,UniProtKB/Swissprot,Swiss Prot K12 database,null,null,null,,2,870.4803767240625,870.4810625,ms_run[1]:spectrum=2046,null,null,85,101,0,-0.7878,17
VNIEIDPQTQAVVDTVER,2006,P0AFU8,null,UniProtKB/Swissprot,Swiss Prot K12 database,null,null,null,,3,676.0195916542187,676.02043,ms_run[1]:spectrum=2006,null,null,180,197,0,-1.2401,18
ALEEAGAEVEVK,845,P0A7K2,null,UniProtKB/Swissprot,Swiss Prot K12 database,null,null,null,,2,622.8215632475,622.8226025,ms_run[1]:spectrum=845,null,null,110,121,0,-1.6686,12
DLVESAPAALK,1310,P0A7K2,null,UniProtKB/Swissprot,Swiss Prot K12 database,null,null,null,,2,557.3111262357812,557.3116775,ms_run[1]:spectrum=1310,null,null,86,96,0,-0.9891,11
GATVELADGVEGYLR,1968,P0AG67,null,UniProtKB/Swissprot,Swiss Prot K12 database,null,null,null,,2,775.3968806303125,775.3969975,ms_run[1]:spectrum=1968,null,null,465,479,0,-0.1507,15
TGVSNTLENEFK,1238,P0AEU7,null,UniProtKB/Swissprot,Swiss Prot K12 database,null,null,null,,2,669.8294978178125,669.8309725,ms_run[1]:spectrum=1238,null,null,40,51,0,-2.2016,12
IAIVNMGSLFQQVAQK,2725,P0AEU7,null,UniProtKB/Swissprot,Swiss Prot K12 database,null,null,null,,2,873.981963638125,873.9827274999999,ms_run[1]:spectrum=2725,null,null,24,39,0,-0.874,16
IAIVNMGSLFQQVAQK,2728,P0AEU7,null,UniProtKB/Swissprot,Swiss Prot K12 database,null,null,null,,3,582.990355814375,582.9910933333332,ms_run[1]:spectrum=2728,null,null,24,39,0,-1.2651,16
VILVGNLGQDPEVR,1800,P0AGE0,null,UniProtKB/Swissprot,Swiss Prot K12 database,null,null,null,,2,754.92556715375,754.9257275000001,ms_run[1]:spectrum=1800,null,null,9,22,0,-0.2124,14
ASFVTLQDVGGR,1500,P0A8N3,null,UniProtKB/Swissprot,Swiss Prot K12 database,null,null,null,,2,625.3298029935937,625.3309375000001,ms_run[1]:spectrum=1500,null,null,83,94,0,-1.8142,12
ASFVTLQDVGGR,1500,P0A8N5,null,UniProtKB/Swissprot,Swiss Prot K12 database,null,null,null,,2,625.3298029935937,625.3309375000001,ms_run[1]:spectrum=1500,null,null,83,94,0,-1.8142,12
VNINGGAPQR,352,P0A855,null,UniProtKB/Swissprot,Swiss Prot K12 database,null,null,null,,2,513.2780451810937,513.2785125,ms_run[1]:spectrum=352,null,null,317,326,0,-0.9105,10
YAGHTASDEVFEK,518,P0A855,null,UniProtKB/Swissprot,Swiss Prot K12 database,null,null,null,,3,485.2246697792188,485.22518999999994,ms_run[1]:spectrum=518,null,null,143,155,0,-1.0721,13
YAGHTASDEVFEK,520,P0A855,null,UniProtKB/Swissprot,Swiss Prot K12 database,null,null,null,,2,727.3330988920312,727.3338725,ms_run[1]:spectrum=520,null,null,143,155,0,-1.0636,13
ITWEGSQNQDADVSSDGK,777,P0A855,null,UniProtKB/Swissprot,Swiss Prot K12 database,null,null,null,,2,968.928740981875,968.9301275,ms_run[1]:spectrum=777,null,null,327,344,0,-1.431,18
ITWEGSQNQDADVSSDGK,780,P0A855,null,UniProtKB/Swissprot,Swiss Prot K12 database,null,null,null,,3,646.2893060096875,646.28936,ms_run[1]:spectrum=780,null,null,327,344,0,-0.0835,18
VSDYDGYNQFVVHR,1103,P0A855,null,UniProtKB/Swissprot,Swiss Prot K12 database,null,null,null,,3,566.9336541542187,566.9344133333335,ms_run[1]:spectrum=1103,null,null,184,197,0,-1.3391,14
LAYVTFESGR,1321,P0A855,null,UniProtKB/Swissprot,Swiss Prot K12 database,null,null,null,,2,571.7955012357812,571.7962025,ms_run[1]:spectrum=1321,null,null,214,223,0,-1.2264,10
SPQPLMSPAWSPDGSK,1604,P0A855,null,UniProtKB/Swissprot,Swiss Prot K12 database,null,null,null,,2,842.9021906889062,842.9041425,ms_run[1]:spectrum=1604,null,null,198,213,0,-2.3156,16
SALVIQTLANGAVR,1979,P0A855,null,UniProtKB/Swissprot,Swiss Prot K12 database,null,null,null,,2,706.914092544375,706.9151675,ms_run[1]:spectrum=1979,null,null,224,237,0,-1.5206,14
IAYVVQTNGGQFPYELR,2036,P0A855,null,UniProtKB/Swissprot,Swiss Prot K12 database,null,null,null,,2,978.0038142240624,978.0052425,ms_run[1]:spectrum=2036,null,null,167,183,0,-1.4604,17
SNNTEPTWFPDSQNLAFTSDQAGRPQVYK,2076,P0A855,null,UniProtKB/Swissprot,Swiss Prot K12 database,null,null,null,,3,1100.1845696815624,1100.1853766666666,ms_run[1]:spectrum=2076,null,null,288,316,0,-0.7335,29
TGSLNLYVMDLASGQIR,2597,P0A855,null,UniProtKB/Swissprot,Swiss Prot K12 database,null,null,null,,2,919.4777522123436,919.4780075,ms_run[1]:spectrum=2597,null,null,265,281,0,-0.2776,17
TFLDQTGGLWASGALYGK,2452,P0A8G6,null,UniProtKB/Swissprot,Swiss Prot K12 database,null,null,null,,2,942.9804377592188,942.9786875,ms_run[1]:spectrum=2452,null,null,89,106,0,1.8561,18
VQAQIQGDEIR,711,P0A8E7,null,UniProtKB/Swissprot,Swiss Prot K12 database,null,null,null,,2,628.8326716459375,628.8338475,ms_run[1]:spectrum=711,null,null,121,131,0,-1.8699,11
MLYVIYAQDK,1607,P0AB55,null,UniProtKB/Swissprot,Swiss Prot K12 database,null,null,null,,2,622.3211970365625,622.3237425000001,ms_run[1]:spectrum=1607,null,null,1,10,0,-4.0903,10
TGEVPADVAAQAR,730,P0AF93,null,UniProtKB/Swissprot,Swiss Prot K12 database,null,null,null,,2,642.8299860990625,642.8312975,ms_run[1]:spectrum=730,null,null,39,51,0,-2.04,13
